<<<<<<< HEAD
"id","created_at","updated_at"
"id","departement_generale_id","departement_speciale_id","id_chef","created_at","updated_at"
"id","code_depart","libelle","telephone","email","status","medecin_id","chef_departement_id","service_id","created_at","updated_at"
"id","code_depart","libelle","telephone","email","status","doctors_id","chef_departement_id","service_id","created_at","updated_at"
"id","uuid","connection","queue","payload","exception","failed_at"
"id","specialite","diplome","annee_experience","personnel_id","departement_id","patient_id","created_at","updated_at"
"id","migration","batch"
"1","2014_10_12_000000_create_users_table","1"
"2","2014_10_12_100000_create_password_resets_table","1"
"3","2019_08_19_000000_create_failed_jobs_table","1"
"4","2019_12_14_000001_create_personal_access_tokens_table","1"
"5","2024_08_22_123440_create_admins_table","1"
"6","2024_08_22_192650_create_departement_speciales_table","1"
"7","2024_08_22_195549_create_departement_generales","1"
"8","2024_08_23_083757_create_medecins_table","1"
"9","2024_08_23_104034_add_status_to_departement_speciales_table","1"
"10","2024_08_23_104259_add_status_to_departement_generales_table","1"
"11","2024_08_25_213205_create_departement_table","1"
"12","2024_08_26_112449_add_id_chef_to_departement_table","1"
"13","2024_08_28_185350_create_services_table","1"
"14","2024_08_28_214928_add_specialite_to_services_table","1"
"15","2024_08_29_000718_create_personnels_table","1"
"16","2024_08_29_011628_add_sexe_to_personnels_table","1"
"email","token","created_at"
"id","tokenable_type","tokenable_id","name","token","abilities","last_used_at","created_at","updated_at"
"id","nom","prenom","sexe","qualification","specialite","birthdate","departement","ville","telephone","adresse","email","service_id","departement_id","photo","created_at","updated_at","id_centre"
"1","Jones","John","M","Acceuil","Acceuil","2024-08-31","Dentiste","Cotonou","96868950","Zokpa","acceuil@gmail.com","1","1",,NULL,NULL,"1"
"2","TIANDO","Herman","M","Caisse","Caisse/Phcie","2024-08-31","Dentiste","Cotonou","96868950","Zokpa","caisse@gmail.com","1","1",,NULL,NULL,"1"
"3","FOX","Jenner","F","Dr","Chirugien","2024-08-31","Dentiste","Cotonou","96868950","Zokpa","chirurgie@gmail.com","1","1",,NULL,NULL,"1"
"4","COLE","Jenner","F","Phcie","Pharmacie","2024-08-31","Pharmacie","Cotonou","96868950","Zokpa","pharmacie@gmail.com","1","1",,NULL,NULL,"1"
"5","KILMER","Thuram","M","Labo","Laborantin","2024-08-31","Labo","Cotonou","96868950","Zokpa","labo@gmail.com","1","1",,NULL,NULL,"1"
"6","Admin","Admin","M","Admin","Administration","2024-08-31","Admin","Cotonou","96868950","Zokpa","admin@admin","1","1",,NULL,NULL,"1"
"id","service","specialite","email","telephone","status","id_centre","chef_service","created_at","updated_at"
"1","test","Specialité Médicale","tiandorman@gmail.com","98965658","Fonctionnel","1","1","2024-08-30 20:56:12","2024-08-30 20:56:12"
"2","Psychiatrie","Spécialité Médicale","infirmerie@gmail.com","60606062","1","1","2","2024-11-11 17:41:46","2024-11-11 17:41:46"
"3","Maternité",,"maternite@gmail.com","96000000","1","1","3","2024-11-13 12:54:38","2024-11-13 12:54:38"
"4","Chirurgie","Spécialité Médicale","maternite@gmail.com","96000000","1","1","5","2024-11-13 14:14:08","2024-11-13 14:14:08"
"5","Pédiatrie","Spécialité Médicale","pdiatrie@gmail.com","21526526","1","1","4","2024-11-13 14:19:15","2024-11-13 14:19:15"
"6","Rhumatologie","Spécialité Médicale","rhuma@gmail.com","85967596","1","1","6","2024-11-13 14:23:51","2024-11-13 14:23:51"
"id_analyse","patient_id","id_type_analyse","analyse","prix","prix_manuel","user_id","statut_analyse","created_at","id_centre"
"1","1","13",NULL,"7000",NULL,"5","0","2024-10-02 16:10:59","0"
"2","2","4",NULL,"20000",NULL,"5","0","2024-10-08 16:02:22","1"
"id","admin_id","product_id","stock","stock_defective","comments","created_at","updated_at","id_centre"
"1","0","1","3","1",NULL,NULL,NULL,"0"
"2","0","2","10","1",NULL,NULL,NULL,"0"
"3","0","3","12","0",NULL,NULL,NULL,"0"
"4","0","4","8","1",NULL,NULL,NULL,"0"
"5","0","5","9","4",NULL,NULL,NULL,"0"
"6","0","6","16","5",NULL,NULL,NULL,"0"
"7","0","7","12","1",NULL,NULL,NULL,"0"
"id_caisse_prise_en_charge","id_prise_en_charge","user_id","user_role_id","frais_consultation","frais_hospitalisation","created_at","updated_at","id_centre"
"1","1","2","1","2500",NULL,"2024-09-01 18:31:43","2024-09-01 18:31:43","0"
"2","2",NULL,NULL,NULL,NULL,"2024-09-01 18:36:21","2024-09-01 18:36:21","0"
"3","3",NULL,NULL,NULL,NULL,"2024-09-01 18:48:24","2024-09-01 18:48:24","0"
"4","4",NULL,NULL,NULL,NULL,"2024-09-01 19:13:33","2024-09-01 19:13:33","0"
"5","5","2","1","2500",NULL,"2024-09-01 19:28:54","2024-09-01 19:28:54","0"
"6","6","2","1","10000",NULL,"2024-09-01 20:53:39","2024-09-01 20:53:39","0"
"7","7","2","1","10000",NULL,"2024-09-01 20:55:11","2024-09-01 20:55:11","0"
"8","8",NULL,NULL,NULL,NULL,"2024-09-22 14:32:54","2024-09-22 14:32:54","0"
"9","9",NULL,NULL,NULL,NULL,"2024-10-08 16:14:31","2024-10-08 16:14:31","0"
"10","10",NULL,NULL,NULL,NULL,"2024-10-08 16:18:28","2024-10-08 16:18:28","1"
"category_id","category_name","category_description","publication_status","updated_at","id_centre"
"1","Médicaments","Médicaments","1",NULL,"0"
"2","Compléments Alimentaires","Compléments Alimentaires","1",NULL,"0"
"3","Beauté et Soins","Beauté et Soins","1",NULL,"0"
"4","Hygiène et Bien-être","Hygiène et Bien-être","1",NULL,"0"
"5","Médecine douce et Santé","Médecine douce et Santé","1",NULL,"0"
"6","Grossesse et Bébé","Grossesse et Bébé",NULL,NULL,"0"
"7","Vétérinaire","Vétérinaire",NULL,NULL,"0"
"id_centre","id_entite","nom_centre","id_directeur","date_centre","updated_at"
"1","1","Centre Cotonou","2","2024-10-08 18:11:52","2024-11-13 22:19:34"
"2","1","Centre Bohicon","4","2024-10-08 18:11:52","2024-11-13 22:19:34"
"3","2","Centre de Djougou","5","2024-11-13 21:31:08","2024-11-13 21:31:08"
"id_chambre","libelle_chambre","etat_chambre","type_chambre","is_vip","id_centre","id_services"
"1","1","1",,"0","0","0"
"2","2","1",,"0","1","0"
"3","3","1",,"0","0","0"
"4","4","1",,"1","0","0"
"id_consultation","id_prise_en_charge","user_id","user_role_id","diagnostic","new_temp","observation","is_hospitalisation","id_lit","fichier_joint","etat_traitement","conslt_created_at","conslt_updated_at"
"1","1","3","7","<p>Il s'agit potentiellement d'un début de palu</p>",NULL,"Analyses médicales requises","0",NULL,"Uploads/consultations/EXPOSE HIST-GEO.pdf","1","2024-09-05 16:43:46","2024-09-05 16:43:46"
"2","7","3","7","Il s'agit potentiellement d'un apindice",NULL,"Faire une écho","0",NULL,NULL,"1","2024-09-13 16:12:37","2024-09-13 16:12:37"
"3","1","5","4","<p>Analyses effectuées indiquant un fort taux de bactéries paludéens</p>",NULL,"Prescrire une ordonnance en conséquence","0",NULL,"Uploads/consultations/LM BOURSE D'etude.pdf","1","2024-09-13 17:29:32","2024-09-13 17:29:32"
"4","1","3","7","Le patient souffrait en effet du palu.
Une ordonnance lui sera délivré en conséquence.
Ordonnance Médicale",NULL,NULL,"0",NULL,NULL,"1","2024-09-13 17:56:52","2024-09-13 17:56:52"
"5","5","3","7","Fracture fermée",NULL,"Mettre en observation avec platre","1",NULL,NULL,"1","2024-09-14 21:52:48","2024-09-14 21:52:48"
"6","7","5","4","Echo réalisé confirmant l'apindice",NULL,"Opération d'urgence requise","0",NULL,"Uploads/consultations/1ere Session AOUT 2024 Liste des candidats admis31_08_2024 13_15_22_62.pdf","1","2024-09-14 22:02:41","2024-09-14 22:02:41"
"7","7","3","7","Opération réalisé avec succès. Une ordonnance sera de mise pour la convalescence",NULL,NULL,"0",NULL,NULL,"1","2024-09-14 22:04:27","2024-09-14 22:04:27"
"id_entite","nom_entite","directeur","date_entite","updated_at"
"1","CLINIQUE DIRECT AID","5","2024-10-08 18:10:08","0000-00-00 00:00:00"
"2","CLINIC ALAFIA","3","2024-10-08 18:10:08","0000-00-00 00:00:00"
"5","CLINIC LES GRACES","1","2024-11-13 18:53:47","2024-11-13 18:53:47"
"id_frais_consultation","nom_consultation","montant_consultation","etat","id_centre"
"1","Consultation générale","2500","1","0"
"2","Consultation dentaire","10000","1","0"
"id_frais_hospital","nom_hospital","montant_hospital","etat","id_centre"
"1","H-7 jours","15000","1","0"
"2","H [7-15] jours","20000","1","0"
"guest_id","guest_first_name","guest_last_name","guest_ifu","guest_country","guest_address","guest_mobile_number","guest_email","id_centre"
"2","John","SMITH","0202324568794","Bénin","Abomey-calavi , Bidossessi","+22967361565","tiandorman@gmail.com","1"
"3","Max","PAYNE","0202324568794","Bénin","Abomey-calavi , Bidossessi","+22966756558","tiandorman@gmail.com","2"
"1","Achat","Client(Anonyme)","0000000000000","Bénin","Cotonou","+22900000000",NULL,"0"
"20","Herman","TIANDO","0202324568794","Bénin","Cotonou Abomey calavi","+22967361565","tiandorman@gmail.com","1"
"21","Peter","WAYNE","0202324568794","Bénin","Cotonou Abomey calavi","+22967361565","tiandorman@gmail.com","2"
"22","Paul","LOGAN","0202324568794","Benin","CSB TANKPE RUE NEWLAND","+22960001202","tiandorman@gmail.com","1"
"24","Carter","FOX",NULL,,,"+19699879635",NULL,"2"
"25","Kalvin","QUEEN",NULL,,,"+22960403050",NULL,"1"
"26","Prudence","DOLCE",NULL,,,"+2296897854",NULL,"2"
"id_lit","id_chambre","id_services","lit","statut"
"1","1","0","lit1","1"
"2","1","0","lit2","0"
"3","1","0","lit3","0"
"4","1","0","lit4","0"
"5","2","0","lit1","1"
"6","2","0","lit2","0"
"7","2","0","lit3","0"
"8","3","0","lit1","0"
"9","3","0","lit2","0"
"10","4","0","lit1","1"
"11","1","0","lit5","1"
"manufacture_id","manufacture_name","manufacture_description","publication_status","created_at","updated_at","id_centre"
"1","Sans marque","Sans marque","1",NULL,NULL,"0"
"2","Nivea","Nivea produt","1",NULL,NULL,"0"
"order_id","transaction_id","customer_id","guest_id","shipping_id","payment_id","order_total","order_status","created_date","updated_at","order_statut","id_centre"
"1","CAISSE04-14-09-2024 20:26:05",NULL,"1","0","1","21500","Cloturé","2024-09-14 22:26:05",NULL,"0","0"
"2","CAISSE04-02-10-2024 11:38:28",NULL,"1","0","2","15000","Cloturé","2024-10-02 13:38:28",NULL,"0","0"
"4","CAISSE04-08-10-2024 16:20:52",NULL,"1","0","6","25000","Cloturé","2024-10-08 18:20:52",NULL,"0","2"
"5","CAISSE04-08-10-2024 16:22:14",NULL,"21","0","7","88500","Cloturé","2024-10-08 18:22:15",NULL,"0","2"
"order_details_id","user_id","order_id","product_id","category_id","taxe_id","product_name","product_price","product_size","product_sales_quantity","created_at","updated_at","command_statut","date_cloture"
"1","4","1","3","3","AU","Granions Chondrostéo Articulations 3X90 comprimés","5000",NULL,"2","2024-09-14 22:26:05",NULL,"0",NULL
"2","4","1","2","1","AU","CarboSylane 48 doses","2000",NULL,"2","2024-09-14 22:26:05",NULL,"0",NULL
"3","4","1","5","6","AU","ProRhinel Mouche Bébé + 2 embouts souples jetables","7500",NULL,"1","2024-09-14 22:26:05",NULL,"0",NULL
"4","4","2","3","3","AU","Granions Chondrostéo Articulations 3X90 comprimés","5000",NULL,"3","2024-10-02 13:38:28",NULL,"0",NULL
"7","4","4","6","6","AU","Weleda Baume de Massage Vergetures 150ml","10960",NULL,"2","2024-10-08 18:20:52",NULL,"0",NULL
"8","4","4","3","3","AU","Granions Chondrostéo Articulations 3X90 comprimés","5000",NULL,"3","2024-10-08 18:20:52",NULL,"0",NULL
"9","4","5","4","4","AU","Bioderma Atoderm Gel Douche 1L","4500",NULL,"1","2024-10-08 18:22:15",NULL,"0",NULL
"10","4","5","2","1","AU","CarboSylane 48 doses","2000",NULL,"2","2024-10-08 18:22:15",NULL,"0",NULL
"11","4","5","1","1","AU","Météoxane 60 gélules","20000",NULL,"4","2024-10-08 18:22:15",NULL,"0",NULL
"panier_id","taxe_id","guest_id","user_id","product_id","prix","qty","total","panier_date","id_centre"
"patient_id","nom_patient","prenom_patient","nip","telephone","contact_urgence","email_patient","nationalite","sexe_patient","smatrimonial","datenais","pcreated_at","pupdated_at","adresse","gsang","id_centre"
"1","LOGAN","Patricia","789258740","+22967361565","+99967361565","loganpaul@gmail.com","Béninois","F","Marié ","1994-09-01","2024-09-01 14:03:30","2024-09-01 14:03:30","Haie vive, cotonou","B-","1"
"2","ATAOU","Brenda","788984563","+22869589878","+22669589878","ataoupatrice@gmail.com","Togolais","F","Célibataire","1999-03-01","2024-09-01 14:03:30","2024-09-01 14:03:30",,"A+","1"
"3","Mark","Otto","600000","+22967361565","+33987456115","markotto@gmail.com","Béninoise","M","Marié","2010-01-01","2024-09-01 19:13:33","2024-09-01 19:13:33",,,"2"
"4","Wayne","Carter","2","+22960002034","+22987954441","waynecarter@gmail.com","Américain","M","Célibataire","1970-03-01","2024-09-01 19:28:54","2024-09-01 19:28:54",,,"4"
"5","Martin","Khalid","600000","+24169696969","+26069020249","waynecarter@gmail.com","Béninoise","M","Marié","2000-01-01","2024-09-01 20:55:11","2024-09-01 20:55:11","Zogbadjè clinique Merveille",,"3"
"payment_id","payment_method","payment_status","created_at","updated_at","id_centre"
"1","caisse","Payé","2024-09-14 22:26:05",NULL,"0"
"2","caisse","Payé","2024-10-02 13:38:28",NULL,"0"
"7","caisse","Payé","2024-10-08 18:22:15",NULL,"0"
"6","caisse","Payé","2024-10-08 18:20:52",NULL,"0"
"id_prise_en_charge","patient_id","user_role_id","last_consult_user_id","last_consult_user_role_id","user_id","maux","temp","etat_consultation","etat_hospitalisation","observation","ordonnance","created_at","updated_at","id_centre"
"1","1","0","3","7","1","Fièvre","38","1","1","Néant","<h2><strong>Ordonnance Médicale</strong></h2><p>1 Anti Bi-Malaril</p><p>1 dose adulte panadol</p><p>2 plaquettes aspirine</p>","2024-06-01 18:31:43","2024-09-01 18:31:43","1"
"2","2","0",NULL,NULL,"1","Céphalés","37","0","0","Vomissements et diarrhée depuis son admission",NULL,"2024-09-01 18:36:21","2024-09-01 18:36:21","0"
"3","3","0",NULL,NULL,"1","Douleurs abdominaux","39","0","0","Néant",NULL,"2024-09-01 18:48:24","2024-09-01 18:48:24","0"
"4","1","0",NULL,NULL,"1","Blessure au bras","38","0","0","Blessure peu profonde",NULL,"2024-09-01 19:13:33","2024-09-01 19:13:33","0"
"5","4","0","3","7","1","Fracture du pieds","37","1","0","Fracture fermée du pieds gauche",NULL,"2024-09-01 19:28:54","2024-09-01 19:28:54","1"
"6","3","0",NULL,NULL,"1","Fièvre","36","1","0","Néant",NULL,"2024-09-01 20:53:39","2024-09-01 20:53:39","0"
"7","5","0","3","7","1","Douleurs abdominaux","40","1","1","Néant","<h2><strong>Ordonnance</strong></h2><ol><li> Plaquette d'antibiotiques</li><li>Compresse pansements</li><li>Pannadol</li></ol>","2024-09-01 20:55:11","2024-09-01 20:55:11","1"
"8","1","0",NULL,NULL,"1","Blessure au bras","41","0","0","Néant",NULL,"2024-09-22 14:32:54","2024-09-22 14:32:54","0"
"9","1","0",NULL,NULL,"1","Blessure au bras","33","0","0","Néant",NULL,"2024-10-08 16:14:31","2024-10-08 16:14:31","0"
"10","2","0",NULL,NULL,"1","Blessure au bras","34","0","0","Néant",NULL,"2024-10-08 16:18:28","2024-10-08 16:18:28","1"
"product_id","product_name","category_id","rayon_id","srayon_id","manufacture_id","product_description","product_price","product_image","image_un","publication_status","stock","stock_defective","updated_at","id_centre"
"1","Météoxane 60 gélules","1",NULL,"1","1","Météoxane","20000","image/mtoxane.jpg.jpg",NULL,NULL,"0","0","2024-09-11 16:54:57","0"
"2","CarboSylane 48 doses","1",NULL,"1","1","CarboSylane 48 doses","2000","image/carbosylane.jpg.jpg",NULL,NULL,"4","0","2024-09-11 16:55:38","0"
"3","Granions Chondrostéo Articulations 3X90 comprimés","3",NULL,"5","1","granions","5000","image/granions-chondrosteo-articulations-3x90-comprimes.jpg.jpg",NULL,NULL,"4","0","2024-09-11 17:10:05","0"
"4","Bioderma Atoderm Gel Douche 1L","4",NULL,"6","1","Bioderma Atoderm Gel Douche 1L","4500","image/atoderm-gel-douche-1l.jpg.jpg",NULL,NULL,"3","0","2024-09-11 17:16:14","0"
"5","ProRhinel Mouche Bébé + 2 embouts souples jetables","6",NULL,"7","1","ProRhinel Mouche Bébé + 2 embouts souples jetables","7500","image/mouche-bebe-prorhinel-2-embouts-souples-jetables.jpg.jpg",NULL,NULL,"8","0","2024-09-11 17:19:16","0"
"6","Weleda Baume de Massage Vergetures 150ml","6",NULL,"8","1","Weleda Baume de Massage Vergetures 150ml","10960","image/weleda-baume-de-massage-vergetures-150ml.jpg.jpg",NULL,NULL,"14","0","2024-09-11 17:22:36","0"
"7","Pommade nivea eclaircissante","4",NULL,"9","2","Pommade nivea eclaircissante","60000","image/téléchargement.jfif.jfif",NULL,NULL,"10","0","2024-09-14 22:16:53","0"
"rayon_id","category_id","rayon_name","rayon_description","publication_status","id_centre"
"1","1","Digestion","Digestion","1","0"
"2","1","Douleurs et fièvre","Douleurs et fièvre","1","0"
"3","1","Métabolisme et nutrition","Métabolisme et nutrition","1","0"
"4","1","Ophtalmologie","Ophtalmologie","1","0"
"5","1","Rhume, état grippal","Rhume, état grippal","1","0"
"6","3","Santé","Santé","1","0"
"7","3","Beauté","Beauté","1","0"
"8","4","Hygiène du corps","Hygiène du corps","1","0"
"9","6","Bébé","Bébé","1","0"
"10","6","Maman","Maman","1","0"
"receipt_id","user_id","order_id","uid","qr_code","code_me_ce_fdgi","counters","nim","date_time","id_centre"
"1","4","1","47b70773-4ff7-4a2b-8014-0c4229d79c01","F;TS01010713;TESTA2UUWCFCEYKYG7JVC6Z7;0202112281722;20240914212609","TEST-A2UU-WCFC-EYKY-G7JV-C6Z7","49/50 FV","TS01010713","2024-09-14 22:26:09","0"
"2","4","2","2ff4cb77-2e5d-4344-9c91-77cc3607f8a9","F;TS01010713;TESTSPS7BQXW6UX5QLYUWO5S;0202112281722;20241002123832","TEST-SPS7-BQXW-6UX5-QLYU-WO5S","50/51 FV","TS01010713","2024-10-02 13:38:31","0"
"3","4","5","361667dd-f5b1-4c7c-ac62-d2fb10a0a045","F;TS01010713;TESTR23W4LDFFZNUAKEEVI6K;0202112281722;20241008172217","TEST-R23W-4LDF-FZNU-AKEE-VI6K","53/54 FV","TS01010713","2024-10-08 18:22:17","0"
"srayon_id","rayon_id","srayon_name","srayon_description","publication_statu","id_centre"
"1","1","Ballonnement","Ballonnement","1",NULL
"2","1","Brûlures d'estomac","Brûlures d'estomac","1",NULL
"3","1","Diarrhée","Diarrhée","1",NULL
"4","1","Nausées, vomissements","Nausées, vomissements","1",NULL
"5","7","Articulations, muscles","Articulations, muscles","1",NULL
"6","8","Gel Douche","Gel Douche","1",NULL
"7","9","Accessoires de bébé","Accessoires de bébé","1",NULL
"8","10","Soins de grossesse","Soins de grossesse","1",NULL
"9","8","Pommades","Pommades","1",NULL
"id_type_analyse","libelle_analyse","prix_analyse","statut","id_centre"
"1","Analyse Cytogénétique constitutionnelle","15000","0","1"
"2","Analyse Cytogénétique tumorale","20000","0","1"
"3","Analyse Cytogénétique moléculaire","10000","0","0"
"4","Screening biochimique avec évaluation du risque d’anomalies 
génétiques du fœtus","20000","0","1"
"5","Tests de génétique moléculaire à la recherche d’anomalies génétiques 
du fœtus .","30000","0","0"
"6","Analyse Virologie","5000","0","0"
"7","Analyse Bactériologie/Mycologie","8000","0","1"
"8","Analyse Parasitologie","9000","0","0"
"9","Allergologie et immunologie clinique","6000","0","1"
"10","Dermatologie et vénérologie","5000","0","0"
"11","Endocrinologie – diabétologie","4000","0","0"
"12","Gastroentérologie","6000","0","0"
"13","Gynécologie et obstétrique","7000","0","0"
"14","Hématologie et oncologie médicale","12000","0","0"
"15","Rhumatologie","3000","0","0"
"user_id","user_role_id","email","email_verified_at","password","remember_token","created_at","updated_at"
"1","0","acceuil@gmail.com",NULL,"25f9e794323b453885f5181f1b624d0b",NULL,"2024-08-31 11:06:30","2024-08-31 11:06:30"
"2","1","caisse@gmail.com",NULL,"25f9e794323b453885f5181f1b624d0b",NULL,"2024-09-01 18:47:18","2024-09-01 18:47:18"
"3","7","chirurgie@gmail.com",NULL,"25f9e794323b453885f5181f1b624d0b",NULL,"2024-09-04 10:06:27","2024-09-04 10:06:27"
"4","9","pharmacie@gmail.com",NULL,"25f9e794323b453885f5181f1b624d0b",NULL,"2024-09-11 08:02:28","2024-09-11 08:02:28"
"5","4","labo@gmail.com",NULL,"25f9e794323b453885f5181f1b624d0b",NULL,"2024-09-12 08:54:24","2024-09-12 08:54:24"
"6","10","admin@admin",NULL,"4eef1e1ea34879a2ae60c60815927ed9",NULL,"2024-11-04 07:26:45","2024-11-04 07:26:45"
"user_role_id","designation","title","sup_code","sup_code_id","is_consult","created_at","updated_at"
"0","Accueil","Accueil de la Clinique",,"0","0","2022-08-02 17:46:08","2022-08-02 10:00:13"
"1","Caisse","Caisse de la clinique","DG","0","0","2022-08-02 09:57:43","2022-08-02 09:57:43"
"2","Médecine générale","Médecin générale","DG","0","1","2022-08-02 09:57:43","2022-08-02 09:57:43"
"3","Maternité","Maternité","DG","0","1","2022-08-02 09:57:43","2022-08-02 09:57:43"
"4","Laboratoire","Laboratoire","DG","0","2","2022-08-02 09:57:43","2022-08-02 09:57:43"
"5","Echographie","Echographie","DG","0","1","2022-08-02 09:57:43","2022-08-02 09:57:43"
"6","Radiologie","Radiologie","DG","0","1","2022-08-02 09:57:43","2022-08-02 09:57:43"
"7","Bloc opératoire","Bloc opératoire","DG","0","1","2022-08-02 09:57:43","2022-08-02 09:57:43"
"8","Vaccination","Vaccination","DG","0","1","2022-08-02 09:57:43","2022-08-02 09:57:43"
"9","Phamarcie","Phamarcie","DG","0","0","2022-08-02 09:57:43","2022-08-02 09:57:43"
"10","Admin","Admin","ADMIN","0","0","2022-08-02 09:57:43","2022-08-02 09:57:43"
=======
"id","created_at","updated_at"
"id","departement_generale_id","departement_speciale_id","id_chef","created_at","updated_at"
"id","code_depart","libelle","telephone","email","status","medecin_id","chef_departement_id","service_id","created_at","updated_at"
"id","code_depart","libelle","telephone","email","status","doctors_id","chef_departement_id","service_id","created_at","updated_at"
"id","uuid","connection","queue","payload","exception","failed_at"
"id","specialite","diplome","annee_experience","personnel_id","departement_id","patient_id","created_at","updated_at"
"id","migration","batch"
"1","2014_10_12_000000_create_users_table","1"
"2","2014_10_12_100000_create_password_resets_table","1"
"3","2019_08_19_000000_create_failed_jobs_table","1"
"4","2019_12_14_000001_create_personal_access_tokens_table","1"
"5","2024_08_22_123440_create_admins_table","1"
"6","2024_08_22_192650_create_departement_speciales_table","1"
"7","2024_08_22_195549_create_departement_generales","1"
"8","2024_08_23_083757_create_medecins_table","1"
"9","2024_08_23_104034_add_status_to_departement_speciales_table","1"
"10","2024_08_23_104259_add_status_to_departement_generales_table","1"
"11","2024_08_25_213205_create_departement_table","1"
"12","2024_08_26_112449_add_id_chef_to_departement_table","1"
"13","2024_08_28_185350_create_services_table","1"
"14","2024_08_28_214928_add_specialite_to_services_table","1"
"15","2024_08_29_000718_create_personnels_table","1"
"16","2024_08_29_011628_add_sexe_to_personnels_table","1"
"email","token","created_at"
"id","tokenable_type","tokenable_id","name","token","abilities","last_used_at","created_at","updated_at"
"id","nom","prenom","sexe","qualification","specialite","birthdate","departement","ville","telephone","adresse","email","service_id","departement_id","photo","created_at","updated_at","id_centre"
"1","Jones","John","M","Acceuil","Acceuil","2024-08-31","Dentiste","Cotonou","96868950","Zokpa","acceuil@gmail.com","1","1",,NULL,NULL,"1"
"2","TIANDO","Herman","M","Caisse","Caisse/Phcie","2024-08-31","Dentiste","Cotonou","96868950","Zokpa","caisse@gmail.com","1","1",,NULL,NULL,"1"
"3","FOX","Jenner","F","Dr","Chirugien","2024-08-31","Dentiste","Cotonou","96868950","Zokpa","chirurgie@gmail.com","1","1",,NULL,NULL,"1"
"4","COLE","Jenner","F","Phcie","Pharmacie","2024-08-31","Pharmacie","Cotonou","96868950","Zokpa","pharmacie@gmail.com","1","1",,NULL,NULL,"1"
"5","KILMER","Thuram","M","Labo","Laborantin","2024-08-31","Labo","Cotonou","96868950","Zokpa","labo@gmail.com","1","1",,NULL,NULL,"1"
"6","Admin","Admin","M","Admin","Administration","2024-08-31","Admin","Cotonou","96868950","Zokpa","admin@admin","1","1",,NULL,NULL,"1"
"id","service","specialite","email","telephone","status","id_centre","chef_service","created_at","updated_at"
"1","test","Specialité Médicale","tiandorman@gmail.com","98965658","Fonctionnel","1","1","2024-08-30 20:56:12","2024-08-30 20:56:12"
"2","Psychiatrie","Spécialité Médicale","infirmerie@gmail.com","60606062","1","1","2","2024-11-11 17:41:46","2024-11-11 17:41:46"
"3","Maternité",,"maternite@gmail.com","96000000","1","1","3","2024-11-13 12:54:38","2024-11-13 12:54:38"
"4","Chirurgie","Spécialité Médicale","maternite@gmail.com","96000000","1","1","5","2024-11-13 14:14:08","2024-11-13 14:14:08"
"5","Pédiatrie","Spécialité Médicale","pdiatrie@gmail.com","21526526","1","1","4","2024-11-13 14:19:15","2024-11-13 14:19:15"
"6","Rhumatologie","Spécialité Médicale","rhuma@gmail.com","85967596","1","1","6","2024-11-13 14:23:51","2024-11-13 14:23:51"
"id_analyse","patient_id","id_type_analyse","analyse","prix","prix_manuel","user_id","statut_analyse","created_at","id_centre"
"1","1","13",NULL,"7000",NULL,"5","0","2024-10-02 16:10:59","0"
"2","2","4",NULL,"20000",NULL,"5","0","2024-10-08 16:02:22","1"
"id","admin_id","product_id","stock","stock_defective","comments","created_at","updated_at","id_centre"
"1","0","1","3","1",NULL,NULL,NULL,"0"
"2","0","2","10","1",NULL,NULL,NULL,"0"
"3","0","3","12","0",NULL,NULL,NULL,"0"
"4","0","4","8","1",NULL,NULL,NULL,"0"
"5","0","5","9","4",NULL,NULL,NULL,"0"
"6","0","6","16","5",NULL,NULL,NULL,"0"
"7","0","7","12","1",NULL,NULL,NULL,"0"
"id_caisse_prise_en_charge","id_prise_en_charge","user_id","user_role_id","frais_consultation","frais_hospitalisation","created_at","updated_at","id_centre"
"1","1","2","1","2500",NULL,"2024-09-01 18:31:43","2024-09-01 18:31:43","0"
"2","2",NULL,NULL,NULL,NULL,"2024-09-01 18:36:21","2024-09-01 18:36:21","0"
"3","3",NULL,NULL,NULL,NULL,"2024-09-01 18:48:24","2024-09-01 18:48:24","0"
"4","4",NULL,NULL,NULL,NULL,"2024-09-01 19:13:33","2024-09-01 19:13:33","0"
"5","5","2","1","2500",NULL,"2024-09-01 19:28:54","2024-09-01 19:28:54","0"
"6","6","2","1","10000",NULL,"2024-09-01 20:53:39","2024-09-01 20:53:39","0"
"7","7","2","1","10000",NULL,"2024-09-01 20:55:11","2024-09-01 20:55:11","0"
"8","8",NULL,NULL,NULL,NULL,"2024-09-22 14:32:54","2024-09-22 14:32:54","0"
"9","9",NULL,NULL,NULL,NULL,"2024-10-08 16:14:31","2024-10-08 16:14:31","0"
"10","10",NULL,NULL,NULL,NULL,"2024-10-08 16:18:28","2024-10-08 16:18:28","1"
"category_id","category_name","category_description","publication_status","updated_at","id_centre"
"1","Médicaments","Médicaments","1",NULL,"0"
"2","Compléments Alimentaires","Compléments Alimentaires","1",NULL,"0"
"3","Beauté et Soins","Beauté et Soins","1",NULL,"0"
"4","Hygiène et Bien-être","Hygiène et Bien-être","1",NULL,"0"
"5","Médecine douce et Santé","Médecine douce et Santé","1",NULL,"0"
"6","Grossesse et Bébé","Grossesse et Bébé",NULL,NULL,"0"
"7","Vétérinaire","Vétérinaire",NULL,NULL,"0"
"id_centre","id_entite","nom_centre","id_directeur","date_centre","updated_at"
"1","1","Centre Cotonou","2","2024-10-08 18:11:52","2024-11-13 22:19:34"
"2","1","Centre Bohicon","4","2024-10-08 18:11:52","2024-11-13 22:19:34"
"3","2","Centre de Djougou","5","2024-11-13 21:31:08","2024-11-13 21:31:08"
"id_chambre","libelle_chambre","etat_chambre","type_chambre","is_vip","id_centre","id_services"
"1","1","1",,"0","0","0"
"2","2","1",,"0","1","0"
"3","3","1",,"0","0","0"
"4","4","1",,"1","0","0"
"id_consultation","id_prise_en_charge","user_id","user_role_id","diagnostic","new_temp","observation","is_hospitalisation","id_lit","fichier_joint","etat_traitement","conslt_created_at","conslt_updated_at"
"1","1","3","7","<p>Il s'agit potentiellement d'un début de palu</p>",NULL,"Analyses médicales requises","0",NULL,"Uploads/consultations/EXPOSE HIST-GEO.pdf","1","2024-09-05 16:43:46","2024-09-05 16:43:46"
"2","7","3","7","Il s'agit potentiellement d'un apindice",NULL,"Faire une écho","0",NULL,NULL,"1","2024-09-13 16:12:37","2024-09-13 16:12:37"
"3","1","5","4","<p>Analyses effectuées indiquant un fort taux de bactéries paludéens</p>",NULL,"Prescrire une ordonnance en conséquence","0",NULL,"Uploads/consultations/LM BOURSE D'etude.pdf","1","2024-09-13 17:29:32","2024-09-13 17:29:32"
"4","1","3","7","Le patient souffrait en effet du palu.
Une ordonnance lui sera délivré en conséquence.
Ordonnance Médicale",NULL,NULL,"0",NULL,NULL,"1","2024-09-13 17:56:52","2024-09-13 17:56:52"
"5","5","3","7","Fracture fermée",NULL,"Mettre en observation avec platre","1",NULL,NULL,"1","2024-09-14 21:52:48","2024-09-14 21:52:48"
"6","7","5","4","Echo réalisé confirmant l'apindice",NULL,"Opération d'urgence requise","0",NULL,"Uploads/consultations/1ere Session AOUT 2024 Liste des candidats admis31_08_2024 13_15_22_62.pdf","1","2024-09-14 22:02:41","2024-09-14 22:02:41"
"7","7","3","7","Opération réalisé avec succès. Une ordonnance sera de mise pour la convalescence",NULL,NULL,"0",NULL,NULL,"1","2024-09-14 22:04:27","2024-09-14 22:04:27"
"id_entite","nom_entite","directeur","date_entite","updated_at"
"1","CLINIQUE DIRECT AID","5","2024-10-08 18:10:08","0000-00-00 00:00:00"
"2","CLINIC ALAFIA","3","2024-10-08 18:10:08","0000-00-00 00:00:00"
"5","CLINIC LES GRACES","1","2024-11-13 18:53:47","2024-11-13 18:53:47"
"id_frais_consultation","nom_consultation","montant_consultation","etat","id_centre"
"1","Consultation générale","2500","1","0"
"2","Consultation dentaire","10000","1","0"
"id_frais_hospital","nom_hospital","montant_hospital","etat","id_centre"
"1","H-7 jours","15000","1","0"
"2","H [7-15] jours","20000","1","0"
"guest_id","guest_first_name","guest_last_name","guest_ifu","guest_country","guest_address","guest_mobile_number","guest_email","id_centre"
"2","John","SMITH","0202324568794","Bénin","Abomey-calavi , Bidossessi","+22967361565","tiandorman@gmail.com","1"
"3","Max","PAYNE","0202324568794","Bénin","Abomey-calavi , Bidossessi","+22966756558","tiandorman@gmail.com","2"
"1","Achat","Client(Anonyme)","0000000000000","Bénin","Cotonou","+22900000000",NULL,"0"
"20","Herman","TIANDO","0202324568794","Bénin","Cotonou Abomey calavi","+22967361565","tiandorman@gmail.com","1"
"21","Peter","WAYNE","0202324568794","Bénin","Cotonou Abomey calavi","+22967361565","tiandorman@gmail.com","2"
"22","Paul","LOGAN","0202324568794","Benin","CSB TANKPE RUE NEWLAND","+22960001202","tiandorman@gmail.com","1"
"24","Carter","FOX",NULL,,,"+19699879635",NULL,"2"
"25","Kalvin","QUEEN",NULL,,,"+22960403050",NULL,"1"
"26","Prudence","DOLCE",NULL,,,"+2296897854",NULL,"2"
"id_lit","id_chambre","id_services","lit","statut"
"1","1","0","lit1","1"
"2","1","0","lit2","0"
"3","1","0","lit3","0"
"4","1","0","lit4","0"
"5","2","0","lit1","1"
"6","2","0","lit2","0"
"7","2","0","lit3","0"
"8","3","0","lit1","0"
"9","3","0","lit2","0"
"10","4","0","lit1","1"
"11","1","0","lit5","1"
"manufacture_id","manufacture_name","manufacture_description","publication_status","created_at","updated_at","id_centre"
"1","Sans marque","Sans marque","1",NULL,NULL,"0"
"2","Nivea","Nivea produt","1",NULL,NULL,"0"
"order_id","transaction_id","customer_id","guest_id","shipping_id","payment_id","order_total","order_status","created_date","updated_at","order_statut","id_centre"
"1","CAISSE04-14-09-2024 20:26:05",NULL,"1","0","1","21500","Cloturé","2024-09-14 22:26:05",NULL,"0","0"
"2","CAISSE04-02-10-2024 11:38:28",NULL,"1","0","2","15000","Cloturé","2024-10-02 13:38:28",NULL,"0","0"
"4","CAISSE04-08-10-2024 16:20:52",NULL,"1","0","6","25000","Cloturé","2024-10-08 18:20:52",NULL,"0","2"
"5","CAISSE04-08-10-2024 16:22:14",NULL,"21","0","7","88500","Cloturé","2024-10-08 18:22:15",NULL,"0","2"
"order_details_id","user_id","order_id","product_id","category_id","taxe_id","product_name","product_price","product_size","product_sales_quantity","created_at","updated_at","command_statut","date_cloture"
"1","4","1","3","3","AU","Granions Chondrostéo Articulations 3X90 comprimés","5000",NULL,"2","2024-09-14 22:26:05",NULL,"0",NULL
"2","4","1","2","1","AU","CarboSylane 48 doses","2000",NULL,"2","2024-09-14 22:26:05",NULL,"0",NULL
"3","4","1","5","6","AU","ProRhinel Mouche Bébé + 2 embouts souples jetables","7500",NULL,"1","2024-09-14 22:26:05",NULL,"0",NULL
"4","4","2","3","3","AU","Granions Chondrostéo Articulations 3X90 comprimés","5000",NULL,"3","2024-10-02 13:38:28",NULL,"0",NULL
"7","4","4","6","6","AU","Weleda Baume de Massage Vergetures 150ml","10960",NULL,"2","2024-10-08 18:20:52",NULL,"0",NULL
"8","4","4","3","3","AU","Granions Chondrostéo Articulations 3X90 comprimés","5000",NULL,"3","2024-10-08 18:20:52",NULL,"0",NULL
"9","4","5","4","4","AU","Bioderma Atoderm Gel Douche 1L","4500",NULL,"1","2024-10-08 18:22:15",NULL,"0",NULL
"10","4","5","2","1","AU","CarboSylane 48 doses","2000",NULL,"2","2024-10-08 18:22:15",NULL,"0",NULL
"11","4","5","1","1","AU","Météoxane 60 gélules","20000",NULL,"4","2024-10-08 18:22:15",NULL,"0",NULL
"panier_id","taxe_id","guest_id","user_id","product_id","prix","qty","total","panier_date","id_centre"
"patient_id","nom_patient","prenom_patient","nip","telephone","contact_urgence","email_patient","nationalite","sexe_patient","smatrimonial","datenais","pcreated_at","pupdated_at","adresse","gsang","id_centre"
"1","LOGAN","Patricia","789258740","+22967361565","+99967361565","loganpaul@gmail.com","Béninois","F","Marié ","1994-09-01","2024-09-01 14:03:30","2024-09-01 14:03:30","Haie vive, cotonou","B-","1"
"2","ATAOU","Brenda","788984563","+22869589878","+22669589878","ataoupatrice@gmail.com","Togolais","F","Célibataire","1999-03-01","2024-09-01 14:03:30","2024-09-01 14:03:30",,"A+","1"
"3","Mark","Otto","600000","+22967361565","+33987456115","markotto@gmail.com","Béninoise","M","Marié","2010-01-01","2024-09-01 19:13:33","2024-09-01 19:13:33",,,"2"
"4","Wayne","Carter","2","+22960002034","+22987954441","waynecarter@gmail.com","Américain","M","Célibataire","1970-03-01","2024-09-01 19:28:54","2024-09-01 19:28:54",,,"4"
"5","Martin","Khalid","600000","+24169696969","+26069020249","waynecarter@gmail.com","Béninoise","M","Marié","2000-01-01","2024-09-01 20:55:11","2024-09-01 20:55:11","Zogbadjè clinique Merveille",,"3"
"payment_id","payment_method","payment_status","created_at","updated_at","id_centre"
"1","caisse","Payé","2024-09-14 22:26:05",NULL,"0"
"2","caisse","Payé","2024-10-02 13:38:28",NULL,"0"
"7","caisse","Payé","2024-10-08 18:22:15",NULL,"0"
"6","caisse","Payé","2024-10-08 18:20:52",NULL,"0"
"id_prise_en_charge","patient_id","user_role_id","last_consult_user_id","last_consult_user_role_id","user_id","maux","temp","etat_consultation","etat_hospitalisation","observation","ordonnance","created_at","updated_at","id_centre"
"1","1","0","3","7","1","Fièvre","38","1","1","Néant","<h2><strong>Ordonnance Médicale</strong></h2><p>1 Anti Bi-Malaril</p><p>1 dose adulte panadol</p><p>2 plaquettes aspirine</p>","2024-06-01 18:31:43","2024-09-01 18:31:43","1"
"2","2","0",NULL,NULL,"1","Céphalés","37","0","0","Vomissements et diarrhée depuis son admission",NULL,"2024-09-01 18:36:21","2024-09-01 18:36:21","0"
"3","3","0",NULL,NULL,"1","Douleurs abdominaux","39","0","0","Néant",NULL,"2024-09-01 18:48:24","2024-09-01 18:48:24","0"
"4","1","0",NULL,NULL,"1","Blessure au bras","38","0","0","Blessure peu profonde",NULL,"2024-09-01 19:13:33","2024-09-01 19:13:33","0"
"5","4","0","3","7","1","Fracture du pieds","37","1","0","Fracture fermée du pieds gauche",NULL,"2024-09-01 19:28:54","2024-09-01 19:28:54","1"
"6","3","0",NULL,NULL,"1","Fièvre","36","1","0","Néant",NULL,"2024-09-01 20:53:39","2024-09-01 20:53:39","0"
"7","5","0","3","7","1","Douleurs abdominaux","40","1","1","Néant","<h2><strong>Ordonnance</strong></h2><ol><li> Plaquette d'antibiotiques</li><li>Compresse pansements</li><li>Pannadol</li></ol>","2024-09-01 20:55:11","2024-09-01 20:55:11","1"
"8","1","0",NULL,NULL,"1","Blessure au bras","41","0","0","Néant",NULL,"2024-09-22 14:32:54","2024-09-22 14:32:54","0"
"9","1","0",NULL,NULL,"1","Blessure au bras","33","0","0","Néant",NULL,"2024-10-08 16:14:31","2024-10-08 16:14:31","0"
"10","2","0",NULL,NULL,"1","Blessure au bras","34","0","0","Néant",NULL,"2024-10-08 16:18:28","2024-10-08 16:18:28","1"
"product_id","product_name","category_id","rayon_id","srayon_id","manufacture_id","product_description","product_price","product_image","image_un","publication_status","stock","stock_defective","updated_at","id_centre"
"1","Météoxane 60 gélules","1",NULL,"1","1","Météoxane","20000","image/mtoxane.jpg.jpg",NULL,NULL,"0","0","2024-09-11 16:54:57","0"
"2","CarboSylane 48 doses","1",NULL,"1","1","CarboSylane 48 doses","2000","image/carbosylane.jpg.jpg",NULL,NULL,"4","0","2024-09-11 16:55:38","0"
"3","Granions Chondrostéo Articulations 3X90 comprimés","3",NULL,"5","1","granions","5000","image/granions-chondrosteo-articulations-3x90-comprimes.jpg.jpg",NULL,NULL,"4","0","2024-09-11 17:10:05","0"
"4","Bioderma Atoderm Gel Douche 1L","4",NULL,"6","1","Bioderma Atoderm Gel Douche 1L","4500","image/atoderm-gel-douche-1l.jpg.jpg",NULL,NULL,"3","0","2024-09-11 17:16:14","0"
"5","ProRhinel Mouche Bébé + 2 embouts souples jetables","6",NULL,"7","1","ProRhinel Mouche Bébé + 2 embouts souples jetables","7500","image/mouche-bebe-prorhinel-2-embouts-souples-jetables.jpg.jpg",NULL,NULL,"8","0","2024-09-11 17:19:16","0"
"6","Weleda Baume de Massage Vergetures 150ml","6",NULL,"8","1","Weleda Baume de Massage Vergetures 150ml","10960","image/weleda-baume-de-massage-vergetures-150ml.jpg.jpg",NULL,NULL,"14","0","2024-09-11 17:22:36","0"
"7","Pommade nivea eclaircissante","4",NULL,"9","2","Pommade nivea eclaircissante","60000","image/téléchargement.jfif.jfif",NULL,NULL,"10","0","2024-09-14 22:16:53","0"
"rayon_id","category_id","rayon_name","rayon_description","publication_status","id_centre"
"1","1","Digestion","Digestion","1","0"
"2","1","Douleurs et fièvre","Douleurs et fièvre","1","0"
"3","1","Métabolisme et nutrition","Métabolisme et nutrition","1","0"
"4","1","Ophtalmologie","Ophtalmologie","1","0"
"5","1","Rhume, état grippal","Rhume, état grippal","1","0"
"6","3","Santé","Santé","1","0"
"7","3","Beauté","Beauté","1","0"
"8","4","Hygiène du corps","Hygiène du corps","1","0"
"9","6","Bébé","Bébé","1","0"
"10","6","Maman","Maman","1","0"
"receipt_id","user_id","order_id","uid","qr_code","code_me_ce_fdgi","counters","nim","date_time","id_centre"
"1","4","1","47b70773-4ff7-4a2b-8014-0c4229d79c01","F;TS01010713;TESTA2UUWCFCEYKYG7JVC6Z7;0202112281722;20240914212609","TEST-A2UU-WCFC-EYKY-G7JV-C6Z7","49/50 FV","TS01010713","2024-09-14 22:26:09","0"
"2","4","2","2ff4cb77-2e5d-4344-9c91-77cc3607f8a9","F;TS01010713;TESTSPS7BQXW6UX5QLYUWO5S;0202112281722;20241002123832","TEST-SPS7-BQXW-6UX5-QLYU-WO5S","50/51 FV","TS01010713","2024-10-02 13:38:31","0"
"3","4","5","361667dd-f5b1-4c7c-ac62-d2fb10a0a045","F;TS01010713;TESTR23W4LDFFZNUAKEEVI6K;0202112281722;20241008172217","TEST-R23W-4LDF-FZNU-AKEE-VI6K","53/54 FV","TS01010713","2024-10-08 18:22:17","0"
"srayon_id","rayon_id","srayon_name","srayon_description","publication_statu","id_centre"
"1","1","Ballonnement","Ballonnement","1",NULL
"2","1","Brûlures d'estomac","Brûlures d'estomac","1",NULL
"3","1","Diarrhée","Diarrhée","1",NULL
"4","1","Nausées, vomissements","Nausées, vomissements","1",NULL
"5","7","Articulations, muscles","Articulations, muscles","1",NULL
"6","8","Gel Douche","Gel Douche","1",NULL
"7","9","Accessoires de bébé","Accessoires de bébé","1",NULL
"8","10","Soins de grossesse","Soins de grossesse","1",NULL
"9","8","Pommades","Pommades","1",NULL
"id_type_analyse","libelle_analyse","prix_analyse","statut","id_centre"
"1","Analyse Cytogénétique constitutionnelle","15000","0","1"
"2","Analyse Cytogénétique tumorale","20000","0","1"
"3","Analyse Cytogénétique moléculaire","10000","0","0"
"4","Screening biochimique avec évaluation du risque d’anomalies 
génétiques du fœtus","20000","0","1"
"5","Tests de génétique moléculaire à la recherche d’anomalies génétiques 
du fœtus .","30000","0","0"
"6","Analyse Virologie","5000","0","0"
"7","Analyse Bactériologie/Mycologie","8000","0","1"
"8","Analyse Parasitologie","9000","0","0"
"9","Allergologie et immunologie clinique","6000","0","1"
"10","Dermatologie et vénérologie","5000","0","0"
"11","Endocrinologie – diabétologie","4000","0","0"
"12","Gastroentérologie","6000","0","0"
"13","Gynécologie et obstétrique","7000","0","0"
"14","Hématologie et oncologie médicale","12000","0","0"
"15","Rhumatologie","3000","0","0"
"user_id","user_role_id","email","email_verified_at","password","remember_token","created_at","updated_at"
"1","0","acceuil@gmail.com",NULL,"25f9e794323b453885f5181f1b624d0b",NULL,"2024-08-31 11:06:30","2024-08-31 11:06:30"
"2","1","caisse@gmail.com",NULL,"25f9e794323b453885f5181f1b624d0b",NULL,"2024-09-01 18:47:18","2024-09-01 18:47:18"
"3","7","chirurgie@gmail.com",NULL,"25f9e794323b453885f5181f1b624d0b",NULL,"2024-09-04 10:06:27","2024-09-04 10:06:27"
"4","9","pharmacie@gmail.com",NULL,"25f9e794323b453885f5181f1b624d0b",NULL,"2024-09-11 08:02:28","2024-09-11 08:02:28"
"5","4","labo@gmail.com",NULL,"25f9e794323b453885f5181f1b624d0b",NULL,"2024-09-12 08:54:24","2024-09-12 08:54:24"
"6","10","admin@admin",NULL,"4eef1e1ea34879a2ae60c60815927ed9",NULL,"2024-11-04 07:26:45","2024-11-04 07:26:45"
"user_role_id","designation","title","sup_code","sup_code_id","is_consult","created_at","updated_at"
"0","Accueil","Accueil de la Clinique",,"0","0","2022-08-02 17:46:08","2022-08-02 10:00:13"
"1","Caisse","Caisse de la clinique","DG","0","0","2022-08-02 09:57:43","2022-08-02 09:57:43"
"2","Médecine générale","Médecin générale","DG","0","1","2022-08-02 09:57:43","2022-08-02 09:57:43"
"3","Maternité","Maternité","DG","0","1","2022-08-02 09:57:43","2022-08-02 09:57:43"
"4","Laboratoire","Laboratoire","DG","0","2","2022-08-02 09:57:43","2022-08-02 09:57:43"
"5","Echographie","Echographie","DG","0","1","2022-08-02 09:57:43","2022-08-02 09:57:43"
"6","Radiologie","Radiologie","DG","0","1","2022-08-02 09:57:43","2022-08-02 09:57:43"
"7","Bloc opératoire","Bloc opératoire","DG","0","1","2022-08-02 09:57:43","2022-08-02 09:57:43"
"8","Vaccination","Vaccination","DG","0","1","2022-08-02 09:57:43","2022-08-02 09:57:43"
"9","Phamarcie","Phamarcie","DG","0","0","2022-08-02 09:57:43","2022-08-02 09:57:43"
"10","Admin","Admin","ADMIN","0","0","2022-08-02 09:57:43","2022-08-02 09:57:43"
>>>>>>> dce8b8f07c046481e7dfa6b85125c0dfb5d04f36
